update,frames,FPS,duration,true_return_mean,true_return_std,true_return_min,true_return_max,agent_return_mean,agent_return_std,agent_return_min,agent_return_max,agent_sparse_return_mean,agent_sparse_return_std,agent_sparse_return_min,agent_sparse_return_max,num_frames_mean,num_frames_std,num_frames_min,num_frames_max,entropy,value,policy_loss,value_loss,grad_norm
1,64000,544.0527389380475,117,0.0,0.0,0.0,0.0,0.08614544942975044,0.1926354487558822,-0.013074159622192383,0.6699857711791992,0.0,0.0,0.0,0.0,2000.0,0.0,2000.0,2000.0,0.646406352519989,-0.036007501650601625,-0.04219935368746519,0.001818725431803614,0.018147141859994532
update,frames,FPS,duration,true_return_mean,true_return_std,true_return_min,true_return_max,agent_return_mean,agent_return_std,agent_return_min,agent_return_max,agent_sparse_return_mean,agent_sparse_return_std,agent_sparse_return_min,agent_sparse_return_max,num_frames_mean,num_frames_std,num_frames_min,num_frames_max,entropy,value,policy_loss,value_loss,grad_norm
2,128000,476.56710722955984,251,0.0,0.0,0.0,0.0,0.3261809032410383,0.18283278980143983,0.0018979907035827637,0.607101321220398,0.0,0.0,0.0,0.0,2000.0,0.0,2000.0,2000.0,0.640109084546566,-0.015842235647141933,-0.034435272216796875,0.007063966244459152,0.015481754178622362
update,frames,FPS,duration,true_return_mean,true_return_std,true_return_min,true_return_max,agent_return_mean,agent_return_std,agent_return_min,agent_return_max,agent_sparse_return_mean,agent_sparse_return_std,agent_sparse_return_min,agent_sparse_return_max,num_frames_mean,num_frames_std,num_frames_min,num_frames_max,entropy,value,policy_loss,value_loss,grad_norm
3,192000,485.8365858230785,383,0.0,0.0,0.0,0.0,0.4616845902055502,0.1309352303249092,0.11267232894897461,0.6129933595657349,0.0,0.0,0.0,0.0,2000.0,0.0,2000.0,2000.0,0.6367267817258835,-0.0012674552490352653,-0.02337991655804217,0.0038245890173129737,0.01266576691455941
update,frames,FPS,duration,true_return_mean,true_return_std,true_return_min,true_return_max,agent_return_mean,agent_return_std,agent_return_min,agent_return_max,agent_sparse_return_mean,agent_sparse_return_std,agent_sparse_return_min,agent_sparse_return_max,num_frames_mean,num_frames_std,num_frames_min,num_frames_max,entropy,value,policy_loss,value_loss,grad_norm
4,256000,489.441934817797,514,0.0,0.0,0.0,0.0,0.5236277151852846,0.08463007706268472,0.2895768880844116,0.6236704587936401,0.0,0.0,0.0,0.0,2000.0,0.0,2000.0,2000.0,0.6370845884084702,0.008977346180472523,-0.012732409755699337,0.002386775187915191,0.024508880390579104
update,frames,FPS,duration,true_return_mean,true_return_std,true_return_min,true_return_max,agent_return_mean,agent_return_std,agent_return_min,agent_return_max,agent_sparse_return_mean,agent_sparse_return_std,agent_sparse_return_min,agent_sparse_return_max,num_frames_mean,num_frames_std,num_frames_min,num_frames_max,entropy,value,policy_loss,value_loss,grad_norm
5,320000,443.6515347431358,658,0.0,0.0,0.0,0.0,0.5585672035813332,0.09495501704692529,0.2943112850189209,0.6731268167495728,0.0,0.0,0.0,0.0,2000.0,0.0,2000.0,2000.0,0.6388348713517189,0.005024733080063015,-0.013636776944622397,0.0017361753707518801,0.017713644466405318
update,frames,FPS,duration,true_return_mean,true_return_std,true_return_min,true_return_max,agent_return_mean,agent_return_std,agent_return_min,agent_return_max,agent_sparse_return_mean,agent_sparse_return_std,agent_sparse_return_min,agent_sparse_return_max,num_frames_mean,num_frames_std,num_frames_min,num_frames_max,entropy,value,policy_loss,value_loss,grad_norm
6,384000,454.44053580143617,799,0.0,0.0,0.0,0.0,0.5926053151488304,0.037287081537151996,0.4979591369628906,0.6601353883743286,0.0,0.0,0.0,0.0,2000.0,0.0,2000.0,2000.0,0.6450993120670319,0.01383854215964675,-0.003652634157333523,0.001025653000397142,0.023529703752763746
update,frames,FPS,duration,true_return_mean,true_return_std,true_return_min,true_return_max,agent_return_mean,agent_return_std,agent_return_min,agent_return_max,agent_sparse_return_mean,agent_sparse_return_std,agent_sparse_return_min,agent_sparse_return_max,num_frames_mean,num_frames_std,num_frames_min,num_frames_max,entropy,value,policy_loss,value_loss,grad_norm
7,448000,463.898309695407,937,0.0,0.0,0.0,0.0,0.6094212308526039,0.03658840888057106,0.5140007734298706,0.6843477487564087,0.0,0.0,0.0,0.0,2000.0,0.0,2000.0,2000.0,0.6477822065353394,0.008029710304981563,-0.007736312225461006,0.0008597673222539015,0.03305464319103554
update,frames,FPS,duration,true_return_mean,true_return_std,true_return_min,true_return_max,agent_return_mean,agent_return_std,agent_return_min,agent_return_max,agent_sparse_return_mean,agent_sparse_return_std,agent_sparse_return_min,agent_sparse_return_max,num_frames_mean,num_frames_std,num_frames_min,num_frames_max,entropy,value,policy_loss,value_loss,grad_norm
8,512000,465.38579269836094,1075,0.0,0.0,0.0,0.0,0.6158539913594723,0.03446575399398005,0.5535036325454712,0.6877193450927734,0.0,0.0,0.0,0.0,2000.0,0.0,2000.0,2000.0,0.6535776630043983,0.01710084092337638,0.0028541017381940037,0.0005586733459495008,0.047864490760669426
update,frames,FPS,duration,true_return_mean,true_return_std,true_return_min,true_return_max,agent_return_mean,agent_return_std,agent_return_min,agent_return_max,agent_sparse_return_mean,agent_sparse_return_std,agent_sparse_return_min,agent_sparse_return_max,num_frames_mean,num_frames_std,num_frames_min,num_frames_max,entropy,value,policy_loss,value_loss,grad_norm
9,576000,518.4336467726316,1198,0.0,0.0,0.0,0.0,0.6395388804376125,0.0340620458427202,0.5544462203979492,0.7055490016937256,0.0,0.0,0.0,0.0,2000.0,0.0,2000.0,2000.0,0.6551593840122223,0.013301665429025888,-0.0017729536048136652,0.00062559824436903,0.027958656299083087
update,frames,FPS,duration,true_return_mean,true_return_std,true_return_min,true_return_max,agent_return_mean,agent_return_std,agent_return_min,agent_return_max,agent_sparse_return_mean,agent_sparse_return_std,agent_sparse_return_min,agent_sparse_return_max,num_frames_mean,num_frames_std,num_frames_min,num_frames_max,entropy,value,policy_loss,value_loss,grad_norm
10,640000,454.2762803238675,1339,0.0,0.0,0.0,0.0,0.6540163867175579,0.05731413792576594,0.5412510633468628,0.8885457515716553,0.0,0.0,0.0,0.0,2000.0,0.0,2000.0,2000.0,0.6558948457241058,0.010970507515594363,-0.004337107762694359,0.0009680514558567666,0.02614568531171606
11,704000,464.19212212757697,1477,0.0,0.0,0.0,0.0,0.6429571807384491,0.056517715942480944,0.4910445213317871,0.7102504968643188,0.0,0.0,0.0,0.0,2000.0,0.0,2000.0,2000.0,0.6582143530249596,0.01623077434487641,0.001570262509630993,0.0003867670166073367,0.031005694818660574
12,768000,439.6992211821016,1622,0.0,0.0,0.0,0.0,0.6498545743525028,0.06579334027137354,0.5377532243728638,0.9076710939407349,0.0,0.0,0.0,0.0,2000.0,0.0,2000.0,2000.0,0.6618709936738014,0.009789461852051318,-0.004230074002407491,0.000452559492259752,0.02032871784398839
13,832000,464.87986604901715,1760,0.0,0.0,0.0,0.0,0.6584625132381916,0.06442952914982801,0.562012791633606,0.9397163391113281,0.0,0.0,0.0,0.0,2000.0,0.0,2000.0,2000.0,0.6625032797455788,0.014780886995140463,0.000976920397079084,0.0003122281668765936,0.03674915688128316
14,896000,452.30949372685956,1902,0.0,0.0,0.0,0.0,0.6328794173896313,0.07308612795322823,0.30241858959198,0.7172279357910156,0.0,0.0,0.0,0.0,2000.0,0.0,2000.0,2000.0,0.6653338596224785,0.013824350375216454,0.001512577960966155,0.00043341349373804405,0.0362347519955857
15,960000,443.34963953035987,2046,0.0,0.0,0.0,0.0,0.656653854995966,0.09606616147869837,0.2576127052307129,0.9434407949447632,0.0,0.0,0.0,0.0,2000.0,0.0,2000.0,2000.0,0.665119543671608,0.01044022716814652,-0.002734837733441964,0.00034563385997898877,0.023112123613955093
16,1024000,443.34121381661765,2190,0.0,0.0,0.0,0.0,0.6608260720968246,0.03386303979650299,0.5749560594558716,0.7142223119735718,0.0,0.0,0.0,0.0,2000.0,0.0,2000.0,2000.0,0.6657458171248436,0.011750673467759043,-0.0006478044888353907,0.00029254598121042363,0.039842671493914544
17,1088000,487.8844963956405,2321,0.0,0.0,0.0,0.0,0.6875675916671753,0.05840394692278348,0.5626938343048096,0.9335218667984009,0.0,0.0,0.0,0.0,2000.0,0.0,2000.0,2000.0,0.6653449833393097,0.015224855858832598,0.0014835225592833012,0.0002672373011591844,0.05270756162052992
18,1152000,474.3326440739026,2456,0.0,0.0,0.0,0.0,0.6643962189555168,0.04331121861118879,0.5093585252761841,0.7204524278640747,0.0,0.0,0.0,0.0,2000.0,0.0,2000.0,2000.0,0.6679002568125725,0.016064136929344386,0.003013084555277601,0.00024100608789012767,0.04609863419241225
19,1216000,481.23378239888586,2589,0.0,0.0,0.0,0.0,0.6696027331054211,0.08915570087990923,0.5152655839920044,0.9845741987228394,0.0,0.0,0.0,0.0,2000.0,0.0,2000.0,2000.0,0.6706070005893707,0.012523222831077874,0.0004158675710641546,0.0003190878051100299,0.023619977670692203
20,1280000,449.4577291286897,2732,0.0,0.0,0.0,0.0,0.6717356331646442,0.06770947352093254,0.5829726457595825,0.9589667320251465,0.0,0.0,0.0,0.0,2000.0,0.0,2000.0,2000.0,0.6692341715097427,0.01104015822056681,-0.0010322529342374764,0.0002798279201670084,0.06558867172429436
21,1344000,438.6110618510431,2878,0.0,0.0,0.0,0.0,0.6801366172730923,0.1587634274451109,0.5089385509490967,1.4521182775497437,0.0,0.0,0.0,0.0,2000.0,0.0,2000.0,2000.0,0.6670731976628304,0.01075619652374371,-0.0009372076401632512,0.0014170115173328668,0.05237046358570628
22,1408000,437.5009024097804,3024,0.0,0.0,0.0,0.0,0.7042974326759577,0.32815769873553874,0.003081977367401123,2.3357203006744385,0.0,0.0,0.0,0.0,2000.0,0.0,2000.0,2000.0,0.6682669669389725,0.01961499941535294,0.005985745461657643,0.0009471547527937219,0.027873892046007785
23,1472000,463.1712843546819,3162,0.0,0.0,0.0,0.0,0.7049822099506855,0.34283979913850215,0.5280065536499023,2.5347869396209717,0.0,0.0,0.0,0.0,2000.0,0.0,2000.0,2000.0,0.66837028414011,0.014339242479763925,0.00039148937685240526,0.0022376123815774918,0.043422181171810695
24,1536000,461.3419049740855,3301,0.0,0.0,0.0,0.0,0.7694284915924072,0.4636564156271385,0.5583616495132446,2.5848476886749268,0.0,0.0,0.0,0.0,2000.0,0.0,2000.0,2000.0,0.6708892062306404,0.015111526241526008,-0.0024087476049317047,0.0010440274054417387,0.03396024450647115
25,1600000,465.81456431162457,3438,0.0,0.0,0.0,0.0,0.7966120727360249,0.49479495952035885,0.5702379941940308,2.7360804080963135,0.0,0.0,0.0,0.0,2000.0,0.0,2000.0,2000.0,0.6698303818702698,0.012546950951218605,-0.006639231578446925,0.0022422072797780856,0.03652165992778351
26,1664000,464.86485814377727,3576,0.0,0.0,0.0,0.0,0.8291907347738743,0.49240463254294015,0.5791237354278564,2.71073842048645,0.0,0.0,0.0,0.0,2000.0,0.0,2000.0,2000.0,0.6661801561713219,0.008234968772740103,-0.012648384785279632,0.006216197565663606,0.07583478583703522
27,1728000,519.3732902536427,3699,0.0,0.0,0.0,0.0,0.7873841412365437,0.3837154627813884,0.5829654932022095,2.132690668106079,0.0,0.0,0.0,0.0,2000.0,0.0,2000.0,2000.0,0.6669149771332741,0.019637376652099192,0.0019743049779208377,0.0024122441827785224,0.04386013883523816
28,1792000,516.0688277981784,3823,0.0,0.0,0.0,0.0,0.7660626918077469,0.41434564274814756,0.5484570264816284,2.4154322147369385,0.0,0.0,0.0,0.0,2000.0,0.0,2000.0,2000.0,0.6696548983454704,0.021925626788288355,0.004975635034497827,0.0017598805716261268,0.017798757925287192
29,1856000,488.5080547495626,3954,0.0,0.0,0.0,0.0,0.7903074212372303,0.41519566701500965,0.5660793781280518,2.469095468521118,0.0,0.0,0.0,0.0,2000.0,0.0,2000.0,2000.0,0.6692895740270615,0.015206853626295924,-0.0035951639292761683,0.003662655537482351,0.05226350920651157
30,1920000,498.8822897994911,4083,0.0,0.0,0.0,0.0,0.8685025721788406,0.5637407338070188,0.5304691791534424,2.6134626865386963,0.0,0.0,0.0,0.0,2000.0,0.0,2000.0,2000.0,0.6698784753680229,0.018792868359014392,-0.0030866044689901173,0.0027038268744945526,0.028361383077972577
31,1984000,496.18327878813903,4212,0.0,0.0,0.0,0.0,0.9664019197225571,0.6380259104220306,0.564327597618103,2.630265712738037,0.0,0.0,0.0,0.0,2000.0,0.0,2000.0,2000.0,0.6647797375917435,0.025830744300037622,-0.0024372466577915475,0.006320981541648507,0.06409717644106847
32,2048000,499.05075941905,4340,0.0,0.0,0.0,0.0,1.1139472275972366,0.77358520262185,0.5743317604064941,2.6995785236358643,0.0,0.0,0.0,0.0,2000.0,0.0,2000.0,2000.0,0.6626990437507629,0.020535581978037953,-0.014878258574754,0.0069020206574350595,0.06144813285840859
33,2112000,483.205800382242,4472,0.0,0.0,0.0,0.0,1.6894492730498314,0.923590634791348,0.5718498229980469,2.8230247497558594,0.0,0.0,0.0,0.0,2000.0,0.0,2000.0,2000.0,0.6550343334674835,0.033819870091974735,-0.026919257128611207,0.013837079517543316,0.08174184874535906
34,2176000,505.5441898573625,4599,0.0,0.0,0.0,0.0,1.6579019576311111,0.9947690462592549,0.5984653234481812,2.8997790813446045,0.0,0.0,0.0,0.0,2000.0,0.0,2000.0,2000.0,0.6569704860448837,0.0470558381639421,-0.01276727148797363,0.009509600698947906,0.06273817789374887
35,2240000,502.231630799155,4726,0.0,0.0,0.0,0.0,1.7609848752617836,1.0290046673787032,0.5980207920074463,2.9549217224121094,0.0,0.0,0.0,0.0,2000.0,0.0,2000.0,2000.0,0.6526794582605362,0.06192691531032324,-0.0015557935694232583,0.00877862994093448,0.05902537532722714
36,2304000,497.3870285122324,4855,0.0,0.0,0.0,0.0,1.742652054876089,1.0077856546495276,0.5711992979049683,2.9147255420684814,0.0,0.0,0.0,0.0,2000.0,0.0,2000.0,2000.0,0.6497930735349655,0.06917649554088712,0.003165907779475674,0.009101382573135197,0.15149947453244153
37,2368000,480.7110555326851,4988,0.0,0.0,0.0,0.0,2.1221938505768776,0.9869899879535527,0.6290684938430786,3.475797176361084,0.0,0.0,0.0,0.0,2000.0,0.0,2000.0,2000.0,0.6445129588246346,0.06264661252498627,-0.015634493436664343,0.009840036858804524,0.0984959740488105
38,2432000,474.9714239090932,5123,0.0,0.0,0.0,0.0,2.2859168238937855,0.8732237824001406,0.6229836940765381,3.328049421310425,0.0,0.0,0.0,0.0,2000.0,0.0,2000.0,2000.0,0.6435993164777756,0.08326931204646826,-0.0012235991709985683,0.009691298473626375,0.08164300780725631
39,2496000,510.7553310081547,5248,0.0,0.0,0.0,0.0,2.018508967012167,1.0498672074537403,0.5657501220703125,3.506871461868286,0.0,0.0,0.0,0.0,2000.0,0.0,2000.0,2000.0,0.6477213129401207,0.0785870598629117,0.00794882670743391,0.008779020980000496,0.09284858993080344
40,2560000,501.43504213105416,5376,0.0,0.0,0.0,0.0,2.3523265905678272,1.0045757848900185,0.5864396095275879,3.583883047103882,0.0,0.0,0.0,0.0,2000.0,0.0,2000.0,2000.0,0.6449815109372139,0.0837013516575098,-0.0029155022784834728,0.007871335896197706,0.14751268910175253
41,2624000,504.57648980408067,5503,0.0,0.0,0.0,0.0,1.8493064567446709,1.0392433630098739,0.5396496057510376,3.0691819190979004,0.0,0.0,0.0,0.0,2000.0,0.0,2000.0,2000.0,0.6469948440790176,0.06794880190864205,0.009079231414943933,0.007372072373982519,0.1634387658375402
42,2688000,496.91714927319157,5631,0.0,0.0,0.0,0.0,2.125369269400835,1.0332023766127738,0.581601619720459,3.1080334186553955,0.0,0.0,0.0,0.0,2000.0,0.0,2000.0,2000.0,0.6477844417095184,0.09151595178991556,0.018287220504134893,0.006459849653765559,0.10786148987199148
43,2752000,570.1358871503655,5744,0.0,0.0,0.0,0.0,2.37341146543622,0.9018002719526597,0.6898912191390991,3.162118911743164,0.0,0.0,0.0,0.0,2000.0,0.0,2000.0,2000.0,0.6388478800654411,0.08254441153258085,-0.002170817562728189,0.0064546866924501956,0.13024724594987375
44,2816000,466.1407975544274,5881,0.0,0.0,0.0,0.0,2.195943173021078,0.9656548325391738,0.6130907535552979,3.2551214694976807,0.0,0.0,0.0,0.0,2000.0,0.0,2000.0,2000.0,0.6421565636992455,0.07404700573533773,0.0033422967535443604,0.0049661576631478965,0.06842624684294546
45,2880000,480.4750226449882,6014,0.0,0.0,0.0,0.0,2.3001104965806007,0.9548632895210565,0.5250399112701416,3.23370361328125,0.0,0.0,0.0,0.0,2000.0,0.0,2000.0,2000.0,0.6426982805132866,0.0875980295240879,0.01001403818372637,0.006599539832677692,0.16141416364447214
46,2944000,492.4748942115511,6144,0.0,0.0,0.0,0.0,2.544431049376726,0.9058659164923645,0.6608145236968994,3.5118837356567383,0.0,0.0,0.0,0.0,2000.0,0.0,2000.0,2000.0,0.6407428979873657,0.08320589549839497,-0.007338499010074884,0.006548350211232901,0.1489216440509883
47,3008000,513.1745731726702,6269,0.0,0.0,0.0,0.0,2.18412471935153,1.0536023046041725,0.5692468881607056,3.5456480979919434,0.0,0.0,0.0,0.0,2000.0,0.0,2000.0,2000.0,0.6378085687756538,0.07641596347093582,0.006269209610763937,0.0077906574588268995,0.08229084619926999
48,3072000,495.98378626611174,6398,0.0,0.0,0.0,0.0,2.880302608013153,0.6357022663509085,0.6492496728897095,3.648592710494995,0.0,0.0,0.0,0.0,2000.0,0.0,2000.0,2000.0,0.6398603916168213,0.0909446943551302,-0.012115666409954429,0.007075376925058663,0.08100787912935396
49,3136000,537.6457907700726,6517,0.0,0.0,0.0,0.0,2.603166062384844,0.8346085446839103,0.6594464778900146,3.1558148860931396,0.0,0.0,0.0,0.0,2000.0,0.0,2000.0,2000.0,0.6409931778907776,0.08473494276404381,-0.0013207088466060668,0.0044209922780282795,0.06970285907293161
50,3200000,496.798691377079,6646,0.0,0.0,0.0,0.0,2.507486768066883,0.8871800825250045,0.6810489892959595,3.1779563426971436,0.0,0.0,0.0,0.0,2000.0,0.0,2000.0,2000.0,0.6445959955453873,0.08759165555238724,0.0070397164090536535,0.005905315629206598,0.08046730846570666
51,3264000,611.8957873594505,6750,0.0,0.0,0.0,0.0,2.8388848155736923,0.5869081658855576,0.6977437734603882,3.5874102115631104,0.0,0.0,0.0,0.0,2000.0,0.0,2000.0,2000.0,0.6445463076233864,0.09629461728036404,0.00038807958480902016,0.004856093029957265,0.08014272123677196
52,3328000,531.7059270055394,6871,0.0,0.0,0.0,0.0,2.7860092855989933,0.6064158564555503,0.6672854423522949,3.6350669860839844,0.0,0.0,0.0,0.0,2000.0,0.0,2000.0,2000.0,0.6443674936890602,0.09059554059058428,-0.00027556293662200915,0.0032712076499592513,0.06641781347301488
53,3392000,480.91347100848515,7004,0.0,0.0,0.0,0.0,2.965908169746399,0.4779886894048078,0.7133839130401611,3.6164608001708984,0.0,0.0,0.0,0.0,2000.0,0.0,2000.0,2000.0,0.6453548148274422,0.0967855928465724,-0.0014416985995922005,0.004160045558819547,0.06543203328668765
54,3456000,526.2808002822798,7126,0.0,0.0,0.0,0.0,2.994887713342905,0.4717814144466055,0.6988576650619507,3.671966552734375,0.0,0.0,0.0,0.0,2000.0,0.0,2000.0,2000.0,0.6392756253480911,0.10084694065153599,0.0020635435357689857,0.004436798742972314,0.08925415330864958
55,3520000,496.5198472787561,7254,0.0,0.0,0.0,0.0,2.874140940606594,0.7981229568589581,0.6912244558334351,3.7870266437530518,0.0,0.0,0.0,0.0,2000.0,0.0,2000.0,2000.0,0.6389721781015396,0.10642616357654333,0.010997088393196464,0.007565476465970278,0.15448353779640106
56,3584000,491.7465113370611,7385,0.0,0.0,0.0,0.0,2.86882796138525,0.8016198137568219,0.6607966423034668,3.7653541564941406,0.0,0.0,0.0,0.0,2000.0,0.0,2000.0,2000.0,0.6457586735486984,0.11481883283704519,0.02163024991750717,0.005663235380779952,0.07916403418866436
57,3648000,474.76423795563056,7519,0.0,0.0,0.0,0.0,2.8001594729721546,0.727314360387301,0.6851866245269775,3.7752866744995117,0.0,0.0,0.0,0.0,2000.0,0.0,2000.0,2000.0,0.6413662806153297,0.0943214874714613,0.004165078978985548,0.00468970974907279,0.05711612449412187
58,3712000,472.8830453619912,7655,0.0,0.0,0.0,0.0,2.9463057555258274,0.9585995515999771,0.5979546308517456,3.856217861175537,0.0,0.0,0.0,0.0,2000.0,0.0,2000.0,2000.0,0.6406378000974655,0.10615985840559006,0.009728460398036987,0.006577620864845812,0.09815687522127636
59,3776000,480.8260282477642,7788,0.0,0.0,0.0,0.0,3.251280300319195,0.6317337129320453,0.697249174118042,3.8351709842681885,0.0,0.0,0.0,0.0,2000.0,0.0,2000.0,2000.0,0.6422449052333832,0.10544893983751535,-0.0074721312848851085,0.006182669254485518,0.06015250277713499
60,3840000,488.7060743311874,7919,0.0,0.0,0.0,0.0,3.3480992019176483,0.7871685051518854,0.6596276760101318,3.86623477935791,0.0,0.0,0.0,0.0,2000.0,0.0,2000.0,2000.0,0.6444242522120476,0.10508492216467857,-0.01012696127872914,0.006412153656128794,0.0477139225808141
61,3904000,581.1626256406306,8029,0.0,0.0,0.0,0.0,3.5301454216241837,0.772928506948913,0.684870719909668,3.878909111022949,0.0,0.0,0.0,0.0,2000.0,0.0,2000.0,2000.0,0.6423770934343338,0.11242805328220129,-0.011800788575783372,0.017807021038606763,0.09171414376922946
62,3968000,499.1539704622702,8157,0.0,0.0,0.0,0.0,3.627313744276762,0.9963602096230222,0.6927425861358643,7.089968204498291,0.0,0.0,0.0,0.0,2000.0,0.0,2000.0,2000.0,0.64012511074543,0.1009170999750495,-0.021891707554459572,0.05047197313979268,0.29727512998527605
63,4032000,470.4938693377953,8293,0.0,0.0,0.0,0.0,3.3736230842769146,1.156382036254289,0.6556637287139893,5.631319999694824,0.0,0.0,0.0,0.0,2000.0,0.0,2000.0,2000.0,0.6406372636556625,0.12586480285972357,0.009059132018592209,0.041396728716790676,0.2426547309199663
64,4096000,473.83270628075053,8428,0.0,0.0,0.0,0.0,3.6258601136505604,1.7791641191728023,0.6642030477523804,7.623614311218262,0.0,0.0,0.0,0.0,2000.0,0.0,2000.0,2000.0,0.6384660750627518,0.12669030018150806,-0.015495760133489966,0.1375871654599905,0.8727546754359657
65,4160000,469.34317107073446,8565,0.0,0.0,0.0,0.0,4.031187009066343,2.5116066919815334,0.6500824689865112,8.331415176391602,0.0,0.0,0.0,0.0,2000.0,0.0,2000.0,2000.0,0.6430902108550072,-0.031839649425819516,-0.1955245789140463,0.1076626405119896,0.2798625633944159
66,4224000,499.8825775613285,8693,0.0,0.0,0.0,0.0,5.199534885585308,2.7074832940900966,0.6280826330184937,8.500750541687012,0.0,0.0,0.0,0.0,2000.0,0.0,2000.0,2000.0,0.6406213119626045,0.06903117382898927,-0.15062126889824867,0.08625671453773975,0.4052419456662195
67,4288000,495.0662650515307,8822,0.3125,1.7399263633843818,0.0,10.0,6.532855577766895,1.9993573299039746,2.5565688610076904,8.685422897338867,0.0,0.0,0.0,0.0,2000.0,0.0,2000.0,2000.0,0.6293320134282112,0.07953270431607962,-0.2026322353631258,0.09656780399382114,0.2667055313056793
68,4352000,493.2688500247969,8952,0.0,0.0,0.0,0.0,6.368594538420439,2.2720885062116647,0.6539169549942017,8.456277847290039,0.0,0.0,0.0,0.0,2000.0,0.0,2000.0,2000.0,0.626575656235218,0.1375452447682619,-0.13324941135942936,0.09545300528407097,0.4748111058526348
69,4416000,520.5469328959858,9075,0.3125,1.7399263633843818,0.0,10.0,6.544510800391436,2.4511592410997287,0.5568878650665283,9.443181037902832,0.3125,1.7399263633843818,0.0,10.0,1955.78125,246.19958041889004,585.0,2000.0,0.6154723986983299,0.256693447008729,-0.022069247905164957,0.10075647011399269,0.701761250859483
70,4480000,479.39174151954126,9208,0.3125,1.7399263633843818,0.0,10.0,6.573044665157795,2.1310280067469227,2.696477174758911,8.731471061706543,0.0,0.0,0.0,0.0,2000.0,0.0,2000.0,2000.0,0.6176618486642838,0.17526642978191376,-0.10831963643431664,0.09163518249988556,0.4811363653402325
71,4544000,480.0729399876401,9342,0.0,0.0,0.0,0.0,7.101559765636921,1.603965434304752,0.630321741104126,8.61452579498291,0.0,0.0,0.0,0.0,2000.0,0.0,2000.0,2000.0,0.6047397255897522,0.16904182825237513,-0.12909560464322567,0.10129293892532587,0.8492992142570008
72,4608000,474.3881877971335,9476,0.625,2.4206145913796355,0.0,10.0,6.73436526209116,1.9511610376582496,0.6940021514892578,8.619933128356934,0.0,0.0,0.0,0.0,2000.0,0.0,2000.0,2000.0,0.6068514436483383,0.20498797297477722,-0.07121067587286234,0.0942127387970686,0.511094015716673
73,4672000,466.2463998968752,9614,0.9375,2.9148059540902547,0.0,10.0,6.837387949228287,2.2346466875521642,0.60029137134552,8.91170883178711,0.0,0.0,0.0,0.0,2000.0,0.0,2000.0,2000.0,0.6006562784314156,0.20958450250327587,-0.06784410076215863,0.07275558821856976,0.4841303388306196
74,4736000,532.2413120727841,9734,0.625,2.4206145913796355,0.0,10.0,7.2987367659807205,1.9302575264206114,0.696674108505249,9.443181037902832,0.3125,1.7399263633843818,0.0,10.0,1965.21875,193.6538042446817,887.0,2000.0,0.5950514376163483,0.24947378411889076,-0.05801699357107282,0.06996596045792103,0.6298177282956308
75,4800000,503.66379396072045,9861,1.25,3.307189138830738,0.0,10.0,7.18007954955101,1.4101967920899894,2.633695602416992,9.443181037902832,0.3125,1.7399263633843818,0.0,10.0,1959.875,223.40654505855463,716.0,2000.0,0.5911105200648308,0.26973201148211956,-0.004406458654557355,0.11061575263738632,0.5377502168004653
76,4864000,487.56623835876394,9992,0.625,2.4206145913796355,0.0,10.0,6.700960826128721,2.18857009135951,0.5619653463363647,8.836241722106934,0.0,0.0,0.0,0.0,2000.0,0.0,2000.0,2000.0,0.5852373540401459,0.2747068200260401,0.003823421629931545,0.08711358066648245,0.5033699315716131
77,4928000,495.24906890990127,10122,0.625,2.4206145913796355,0.0,10.0,5.583625949919224,2.075266792462006,2.8436505794525146,9.443181037902832,0.3125,1.7399263633843818,0.0,10.0,1968.4375,175.73256270182256,990.0,2000.0,0.5851517543196678,0.17868410050868988,-0.024776061065495014,0.12556708976626396,0.5839371322259308
78,4992000,485.99688449070317,10253,1.5625,3.6309218870694533,0.0,10.0,7.3745511174201965,1.7653345436522798,2.6499581336975098,9.443181037902832,0.3125,1.7399263633843818,0.0,10.0,1991.28125,48.54394553842425,1721.0,2000.0,0.5750647485256195,0.2856066059321165,0.012472400499973446,0.06264622742310166,0.3226758165467893
79,5056000,461.4155274405661,10392,0.3125,1.7399263633843818,0.0,10.0,6.995661117136478,1.5436540451682836,2.8795177936553955,8.785962104797363,0.0,0.0,0.0,0.0,2000.0,0.0,2000.0,2000.0,0.5630976557731628,0.20375297404825687,-0.05658861342817545,0.07387517299503088,0.6259996974567217
80,5120000,465.05999946400425,10530,0.3125,1.7399263633843818,0.0,10.0,6.759265283122659,2.199169047650526,0.41767627000808716,9.443181037902832,0.625,2.4206145913796355,0.0,10.0,1923.09375,306.70154052586287,477.0,2000.0,0.5625726506114006,0.26787086948752403,-0.010350380413001403,0.08293242659419775,0.375336874887813
81,5184000,478.73589441374236,10663,0.9375,2.9148059540902547,0.0,10.0,7.549606472253799,1.5455922720913822,2.3065385818481445,9.443181037902832,0.3125,1.7399263633843818,0.0,10.0,1962.0625,211.22706051486395,786.0,2000.0,0.5599592849612236,0.27060306817293167,-0.025684117572382092,0.05745241791009903,0.29665483095270606
82,5248000,502.8075253384096,10791,0.3125,1.7399263633843818,0.0,10.0,7.237285830080509,1.486788748764585,3.3434226512908936,8.970637321472168,0.0,0.0,0.0,0.0,2000.0,0.0,2000.0,2000.0,0.5574823841452599,0.24766105972230434,-0.01690827205311507,0.0538037596270442,0.4407461150736679
83,5312000,470.7618655845321,10927,0.625,2.4206145913796355,0.0,10.0,7.546572454273701,1.8544957993164746,0.6861388683319092,9.443181037902832,0.3125,1.7399263633843818,0.0,10.0,1976.4375,131.19044779918238,1246.0,2000.0,0.5581157207489014,0.32571808993816376,0.03924937592819333,0.03466333309188485,0.36594610301131014
84,5376000,492.02632313537015,11057,0.0,0.0,0.0,0.0,7.239025019109249,1.5941551924015738,0.6674482822418213,8.850320816040039,0.0,0.0,0.0,0.0,2000.0,0.0,2000.0,2000.0,0.5496947169303894,0.28610921651124954,0.005387775257986505,0.06916645262390375,1.1278623222479185
85,5440000,539.5113257471579,11175,1.5625,3.6309218870694533,0.0,10.0,7.663811966776848,1.2894546472702288,2.916900157928467,9.443181991577148,0.3125,1.7399263633843818,0.0,10.0,1984.78125,84.73441389681939,1513.0,2000.0,0.5500113517045975,0.25100408121943474,-0.035408152965828776,0.04085785709321499,0.2671618205245089
86,5504000,479.68876385549385,11309,0.3125,1.7399263633843818,0.0,10.0,8.057276614010334,1.09682505958402,2.8072803020477295,8.973980903625488,0.0,0.0,0.0,0.0,2000.0,0.0,2000.0,2000.0,0.5553941205143929,0.3004111722111702,-0.0010671436102711596,0.03305463842116296,0.2470834459877241
87,5568000,472.4550804637323,11444,0.9375,2.9148059540902547,0.0,10.0,8.221851274371147,0.8030024674326361,4.6230645179748535,9.074061393737793,0.0,0.0,0.0,0.0,2000.0,0.0,2000.0,2000.0,0.5452867746353149,0.28341104835271835,-0.019593372475355864,0.030914918053895235,0.2501852575920521
88,5632000,475.2519704439755,11579,0.625,2.4206145913796355,0.0,10.0,8.039398953318596,1.4740970768145334,3.738409996032715,9.079230308532715,0.0,0.0,0.0,0.0,2000.0,0.0,2000.0,2000.0,0.5484410151839256,0.3350641690194607,0.040638973005115986,0.03476021392270923,0.25447738472211
89,5696000,476.0870205820404,11713,1.5625,3.6309218870694533,0.0,10.0,8.279137924313545,0.9668003409835495,3.914517879486084,9.128832817077637,0.0,0.0,0.0,0.0,2000.0,0.0,2000.0,2000.0,0.5467022955417633,0.2945830747485161,-0.018175559700466692,0.02038889704272151,0.3159848608881911
90,5760000,487.8704571144949,11844,0.625,2.4206145913796355,0.0,10.0,8.580975010991096,0.8164538667923816,5.533702850341797,9.125958442687988,0.0,0.0,0.0,0.0,2000.0,0.0,2000.0,2000.0,0.5474903583526611,0.2964679226279259,-0.020633670035749674,0.016448151087388396,0.30642817404759765
91,5824000,472.389743227209,11980,0.625,2.4206145913796355,0.0,10.0,8.821759939193726,0.34569629121716433,7.367316246032715,9.191429138183594,0.0,0.0,0.0,0.0,2000.0,0.0,2000.0,2000.0,0.5568374916911125,0.32724685594439507,0.00527363721630536,0.011935377260670066,0.21869385739404668
92,5888000,475.2525274584389,12115,0.9375,2.9148059540902547,0.0,10.0,8.777498364448547,0.4089060374202245,6.890763282775879,9.443181037902832,0.3125,1.7399263633843818,0.0,10.0,1978.3125,120.7508896188761,1306.0,2000.0,0.555755265057087,0.33230435475707054,0.0024591814435552806,0.010961302905343473,0.160231378043328
93,5952000,496.1118323455161,12244,0.9375,2.9148059540902547,0.0,10.0,8.493649542331696,1.4934092993545651,0.6964969635009766,9.076140403747559,0.0,0.0,0.0,0.0,2000.0,0.0,2000.0,2000.0,0.5560920611023903,0.32346581667661667,0.018994153244420886,0.010280252434313297,0.27773539492658617
94,6016000,530.3222646376802,12364,0.9375,2.9148059540902547,0.0,10.0,8.626279518008232,1.0703056480998,2.901390552520752,9.099899291992188,0.0,0.0,0.0,0.0,2000.0,0.0,2000.0,2000.0,0.5592970177531242,0.3520623594522476,0.047298877499997616,0.017143005738034844,0.29676388335806836
95,6080000,526.018106428174,12486,0.9375,2.9148059540902547,0.0,10.0,7.879957139492035,2.243408532563992,0.6958043575286865,9.193500518798828,0.0,0.0,0.0,0.0,2000.0,0.0,2000.0,2000.0,0.5549749135971069,0.403793565928936,0.11940875090658665,0.035240440629422665,0.44131746229179114
96,6144000,587.9474523078911,12595,0.0,0.0,0.0,0.0,8.47255802154541,1.1164593763280894,2.84011173248291,9.076038360595703,0.0,0.0,0.0,0.0,2000.0,0.0,2000.0,2000.0,0.5548616126179695,0.31985633447766304,0.007667010359000415,0.03015864919871092,0.2421580435928381
97,6208000,539.1254754344646,12714,0.625,2.4206145913796355,0.0,10.0,8.523447260260582,1.2629218473193733,1.9739370346069336,9.105542182922363,0.0,0.0,0.0,0.0,2000.0,0.0,2000.0,2000.0,0.5646173879504204,0.3213692493736744,0.01825590617954731,0.022515889490023255,0.3192405153842447
98,6272000,505.13899085495336,12840,0.0,0.0,0.0,0.0,8.482276119291782,1.4548411422679712,2.158090829849243,9.155705451965332,0.0,0.0,0.0,0.0,2000.0,0.0,2000.0,2000.0,0.5585678666830063,0.3174617998301983,0.01147725258488208,0.03375794109888375,0.38931674113744685
99,6336000,484.4959956460898,12972,0.3125,1.7399263633843818,0.0,10.0,7.838665055111051,2.182685491507697,0.3683972954750061,8.97262954711914,0.0,0.0,0.0,0.0,2000.0,0.0,2000.0,2000.0,0.5542954877018929,0.32415589317679405,0.03735725162550807,0.03672532411292195,0.2680127747648259
100,6400000,536.309899666355,13092,0.0,0.0,0.0,0.0,8.633751049637794,0.560061941899877,6.463462829589844,9.0928316116333,0.0,0.0,0.0,0.0,2000.0,0.0,2000.0,2000.0,0.5498853251338005,0.30974089726805687,0.023015056271106005,0.03957968996837735,0.3077801473472286
101,6464000,495.94851389368483,13221,0.0,0.0,0.0,0.0,7.727488152682781,2.6862551318397325,0.2121720314025879,9.10058879852295,0.0,0.0,0.0,0.0,2000.0,0.0,2000.0,2000.0,0.5619385689496994,0.33334313333034515,0.03117727511562407,0.04240897577255964,0.4190755975005021
102,6528000,475.8309351655656,13355,0.3125,1.7399263633843818,0.0,10.0,8.234939277172089,2.003938331407439,0.4722905158996582,9.080662727355957,0.0,0.0,0.0,0.0,2000.0,0.0,2000.0,2000.0,0.5585607886314392,0.32589925825595856,0.021740852156654,0.027366455178707838,0.4397886629672665
103,6592000,496.9251909371662,13484,0.3125,1.7399263633843818,0.0,10.0,8.456851363182068,1.5043545538843792,0.5468006134033203,9.111061096191406,0.0,0.0,0.0,0.0,2000.0,0.0,2000.0,2000.0,0.5539706274867058,0.30056676268577576,-0.009320446231868118,0.032249914249405265,0.29834062557230967
104,6656000,485.0224259635172,13616,0.0,0.0,0.0,0.0,8.184815108776093,2.2063564874083026,0.6423724889755249,9.077207565307617,0.0,0.0,0.0,0.0,2000.0,0.0,2000.0,2000.0,0.5527698993682861,0.32689379155635834,0.03117409790866077,0.02333041070960462,0.2274120183622013
105,6720000,474.5564927205118,13751,0.0,0.0,0.0,0.0,8.464815091341734,1.4426735077103008,0.6504272222518921,9.149202346801758,0.0,0.0,0.0,0.0,2000.0,0.0,2000.0,2000.0,0.5523280799388885,0.29288455843925476,-0.01146966964006424,0.01380669022910297,0.2022419841264774
106,6784000,481.14112460808934,13884,0.3125,1.7399263633843818,0.0,10.0,8.788620591163635,0.3956988502083112,6.71945858001709,9.042781829833984,0.0,0.0,0.0,0.0,2000.0,0.0,2000.0,2000.0,0.5616786852478981,0.3433564491569996,0.0215850081294775,0.030443814350292087,0.2588811232493469
107,6848000,503.19358817491997,14011,0.9375,2.9148059540902547,0.0,10.0,8.383429281413555,1.7103544593110913,0.5266530513763428,9.167256355285645,0.0,0.0,0.0,0.0,2000.0,0.0,2000.0,2000.0,0.5643742009997368,0.3217954449355602,0.041594226844608784,0.02741012256592512,0.19647797893011884
108,6912000,485.1313998217352,14143,0.3125,1.7399263633843818,0.0,10.0,8.234125070273876,1.68776718735705,0.6010744571685791,9.107582092285156,0.0,0.0,0.0,0.0,2000.0,0.0,2000.0,2000.0,0.5652247443795204,0.2963610291481018,-0.012103354325518012,0.010754128568805754,0.20423067205140594
109,6976000,476.3387835132871,14277,0.9375,2.9148059540902547,0.0,10.0,8.573093332350254,1.4545493177158288,0.517981767654419,9.110095024108887,0.0,0.0,0.0,0.0,2000.0,0.0,2000.0,2000.0,0.5704612657427788,0.310935914516449,0.00964734295848757,0.00907381100114435,0.11149150624553025
110,7040000,473.41578045276646,14413,0.3125,1.7399263633843818,0.0,10.0,8.414045684039593,1.748572501822709,0.6830489635467529,9.124632835388184,0.0,0.0,0.0,0.0,2000.0,0.0,2000.0,2000.0,0.5741100981831551,0.31321197375655174,0.02351318602450192,0.013657764531672001,0.16151540095799855
111,7104000,469.5716085384411,14549,0.625,2.4206145913796355,0.0,10.0,8.552763734012842,1.442709011230736,0.5977212190628052,9.106306076049805,0.0,0.0,0.0,0.0,2000.0,0.0,2000.0,2000.0,0.5718920156359673,0.31639500707387924,0.021175359608605504,0.025360715808346868,0.27770474540279383
112,7168000,467.6166503973593,14686,0.3125,1.7399263633843818,0.0,10.0,8.515220537781715,0.9492212278976973,3.741611957550049,9.171045303344727,0.0,0.0,0.0,0.0,2000.0,0.0,2000.0,2000.0,0.5681262388825417,0.31537384167313576,0.0033771902380976826,0.02649657824076712,0.24228522354371929
113,7232000,472.2423927884924,14821,0.3125,1.7399263633843818,0.0,10.0,8.791260376572609,0.3046178135256085,7.224524021148682,9.041512489318848,0.0,0.0,0.0,0.0,2000.0,0.0,2000.0,2000.0,0.5705658793449402,0.3529277630150318,0.044091237243264914,0.015754645108245313,0.26459764823852694
114,7296000,468.35172282086427,14958,0.0,0.0,0.0,0.0,7.986524505540729,2.312768886522907,0.3981230854988098,9.068755149841309,0.0,0.0,0.0,0.0,2000.0,0.0,2000.0,2000.0,0.5655533671379089,0.31909433752298355,0.04213394271209836,0.014112282660789788,0.3047241891306027
115,7360000,511.1758619113832,15083,0.625,2.4206145913796355,0.0,10.0,7.661522835493088,2.445194821141778,0.5113512277603149,9.089442253112793,0.0,0.0,0.0,0.0,2000.0,0.0,2000.0,2000.0,0.573891393840313,0.33617592230439186,0.07985194493085146,0.05930796870961785,0.3331393535416592
116,7424000,479.7227900202596,15217,0.0,0.0,0.0,0.0,8.130219340324402,1.94879029108503,0.5451068878173828,9.094572067260742,0.0,0.0,0.0,0.0,2000.0,0.0,2000.0,2000.0,0.5749373137950897,0.30774354934692383,-0.009232584678102285,0.04350501857697964,0.2944401338171404
117,7488000,467.19769376565677,15354,0.3125,1.7399263633843818,0.0,10.0,8.740424633026123,0.27388721075460565,7.797916412353516,9.162840843200684,0.0,0.0,0.0,0.0,2000.0,0.0,2000.0,2000.0,0.5785908624529839,0.31031006947159767,-0.008863470517098904,0.025627652881667018,0.32262751293542247
118,7552000,471.0543279623732,15489,0.3125,1.7399263633843818,0.0,10.0,8.699738010764122,0.6281180084280573,5.58899450302124,9.080008506774902,0.0,0.0,0.0,0.0,2000.0,0.0,2000.0,2000.0,0.5738635882735252,0.29657817259430885,-0.015092323417775333,0.017525474773719907,0.1812811971527914
119,7616000,484.6151737803574,15621,0.0,0.0,0.0,0.0,8.640870027244091,1.0782776165141439,2.8262908458709717,9.029193878173828,0.0,0.0,0.0,0.0,2000.0,0.0,2000.0,2000.0,0.5720556974411011,0.33435503765940666,0.03300065128132701,0.018385314964689314,0.186184898396415
120,7680000,507.96035740176495,15747,0.0,0.0,0.0,0.0,8.429909117519855,1.442063664275357,2.8917582035064697,9.033283233642578,0.0,0.0,0.0,0.0,2000.0,0.0,2000.0,2000.0,0.5657817348837852,0.3120759204030037,0.01285502384416759,0.011848962516523898,0.14301425982809912
121,7744000,477.9346560608339,15881,0.3125,1.7399263633843818,0.0,10.0,8.649069488048553,0.6780739328348331,6.32248592376709,9.103428840637207,0.0,0.0,0.0,0.0,2000.0,0.0,2000.0,2000.0,0.5696008950471878,0.3019428960978985,0.0019815726845990866,0.014780286233872175,0.20214280581325633
122,7808000,517.8622618866381,16005,0.0,0.0,0.0,0.0,8.367999602109194,1.4855605489420962,0.581515908241272,9.046195983886719,0.0,0.0,0.0,0.0,2000.0,0.0,2000.0,2000.0,0.5705395489931107,0.3068487085402012,0.018730190815404058,0.016468542744405568,0.16931859052728931
123,7872000,473.3054904955196,16140,0.0,0.0,0.0,0.0,8.220759082585573,1.8024745504687933,0.44464337825775146,9.040645599365234,0.0,0.0,0.0,0.0,2000.0,0.0,2000.0,2000.0,0.5717199742794037,0.31368524208664894,0.02829051250591874,0.020353138563223183,0.22130692620013176
124,7936000,506.2115742298766,16267,0.0,0.0,0.0,0.0,8.739979833364487,0.3212399508146241,7.180968284606934,9.040519714355469,0.0,0.0,0.0,0.0,2000.0,0.0,2000.0,2000.0,0.5785413533449173,0.33043811097741127,0.021912062540650368,0.02725450904108584,0.24350584595879768
125,8000000,488.53371007726264,16398,0.0,0.0,0.0,0.0,8.470957525074482,1.2408513422987983,2.1480343341827393,9.072367668151855,0.0,0.0,0.0,0.0,2000.0,0.0,2000.0,2000.0,0.5785408094525337,0.31734220683574677,0.011362333432771266,0.014995767851360142,0.16369727905720832
126,8064000,494.51411272184254,16527,0.0,0.0,0.0,0.0,8.539450854063034,0.8596843146537989,3.9158153533935547,8.971319198608398,0.0,0.0,0.0,0.0,2000.0,0.0,2000.0,2000.0,0.5773570910096169,0.3398520350456238,0.047049758955836296,0.02909409557469189,0.3423131501283601
127,8128000,499.0180708890369,16655,0.0,0.0,0.0,0.0,7.852011505514383,2.2889368297637396,0.5390599966049194,9.054890632629395,0.0,0.0,0.0,0.0,2000.0,0.0,2000.0,2000.0,0.5717820078134537,0.3417721576988697,0.086388791911304,0.047246052883565426,0.41995156113436294
128,8192000,481.75021617390416,16788,0.0,0.0,0.0,0.0,7.843739755451679,2.3831286142962043,0.372921347618103,8.972474098205566,0.0,0.0,0.0,0.0,2000.0,0.0,2000.0,2000.0,0.5820838734507561,0.2929602973163128,-0.014662318048067391,0.03708407003432512,0.32386963939542784
129,8256000,498.72691316435566,16917,0.0,0.0,0.0,0.0,7.752077776938677,1.7080496493524735,0.5874966382980347,8.865372657775879,0.0,0.0,0.0,0.0,2000.0,0.0,2000.0,2000.0,0.5737018212676048,0.30328620970249176,0.03172476077452302,0.05541855888441205,0.36566124911554543
130,8320000,471.18008271716553,17052,0.0,0.0,0.0,0.0,8.059204787015915,1.075034945557686,3.9012231826782227,9.041629791259766,0.0,0.0,0.0,0.0,2000.0,0.0,2000.0,2000.0,0.5781177133321762,0.29395442456007004,-0.0004829860235417982,0.045637518633157015,0.3745496235095062
131,8384000,469.1381135436496,17189,0.0,0.0,0.0,0.0,7.910465106368065,1.6860114702870512,0.626457691192627,9.01504135131836,0.0,0.0,0.0,0.0,2000.0,0.0,2000.0,2000.0,0.5621304661035538,0.30886832997202873,0.013033167087996844,0.04414324974641204,0.37500293297994947
132,8448000,489.17409908683953,17320,0.0,0.0,0.0,0.0,8.137454941868782,0.6306317429974077,5.963244438171387,8.917590141296387,0.0,0.0,0.0,0.0,2000.0,0.0,2000.0,2000.0,0.5545153692364693,0.3090960681438446,0.012875745072960854,0.033579369774088264,0.29315488117499644
133,8512000,482.38545117096675,17452,0.0,0.0,0.0,0.0,8.142411582171917,1.6714854577010947,0.5463411808013916,9.156815528869629,0.0,0.0,0.0,0.0,2000.0,0.0,2000.0,2000.0,0.5669051259756088,0.29174957796931267,-0.018828124389983714,0.021215122658759356,0.2716262538877387
134,8576000,493.6287746533994,17582,0.0,0.0,0.0,0.0,8.6022939234972,0.43047584790440374,7.336413860321045,9.092329025268555,0.0,0.0,0.0,0.0,2000.0,0.0,2000.0,2000.0,0.5651813596487045,0.2857575975358486,-0.03028631303459406,0.01140871923416853,0.1669926595870009
135,8640000,495.15124563570714,17711,0.625,2.4206145913796355,0.0,10.0,8.555528581142426,0.8924164682014251,3.838240623474121,9.018322944641113,0.0,0.0,0.0,0.0,2000.0,0.0,2000.0,2000.0,0.5683618634939194,0.30203619971871376,-0.0036062731451238506,0.01737933454569429,0.26212611235358385
136,8704000,570.5935427086293,17823,0.0,0.0,0.0,0.0,8.301081608980894,1.4867441984430634,0.6122974157333374,8.993504524230957,0.0,0.0,0.0,0.0,2000.0,0.0,2000.0,2000.0,0.5592653602361679,0.3024415336549282,0.015429644263349473,0.014662929344922304,0.2145581741545104
137,8768000,466.37404865593385,17961,0.0,0.0,0.0,0.0,8.571868740022182,1.1407549613359396,2.267913579940796,9.093937873840332,0.0,0.0,0.0,0.0,2000.0,0.0,2000.0,2000.0,0.5625292956829071,0.3275320641696453,0.03333712602034211,0.012340707704424858,0.36550445717249447
138,8832000,474.5915684470555,18095,0.0,0.0,0.0,0.0,8.726025551557541,0.3271924946285577,7.544804573059082,9.000832557678223,0.0,0.0,0.0,0.0,2000.0,0.0,2000.0,2000.0,0.5537518039345741,0.3114484138786793,0.013846772024407983,0.020080711925402284,0.18658805285056174
139,8896000,495.5733697255218,18225,0.0,0.0,0.0,0.0,8.437356628477573,1.1352673090910652,2.7745893001556396,9.022850036621094,0.0,0.0,0.0,0.0,2000.0,0.0,2000.0,2000.0,0.5563989281654358,0.32081668078899384,0.03367576119489968,0.024372426327317953,0.2703577559639687
140,8960000,499.06208984452843,18353,0.0,0.0,0.0,0.0,8.411867685616016,1.2083450593058587,2.300949811935425,8.936495780944824,0.0,0.0,0.0,0.0,2000.0,0.0,2000.0,2000.0,0.5536094456911087,0.3219261020421982,0.041788232047110796,0.0315820244140923,0.31872177224212905
141,9024000,582.3775514308027,18463,0.0,0.0,0.0,0.0,8.361299492418766,1.2154475337992698,2.6565606594085693,9.008838653564453,0.0,0.0,0.0,0.0,2000.0,0.0,2000.0,2000.0,0.5618649795651436,0.2901415526866913,-0.009584030252881348,0.014215506613254547,0.2490807569369422
142,9088000,482.46139998581026,18595,0.0,0.0,0.0,0.0,8.16913728788495,1.4903038544190088,0.6590105295181274,8.880216598510742,0.0,0.0,0.0,0.0,2000.0,0.0,2000.0,2000.0,0.5605039373040199,0.33444952592253685,0.05242567742243409,0.04044113727286458,0.3142124504217997
143,9152000,477.5436517714804,18730,0.0,0.0,0.0,0.0,8.645535916090012,0.3131443100445907,7.090928077697754,8.903104782104492,0.0,0.0,0.0,0.0,2000.0,0.0,2000.0,2000.0,0.5674294903874397,0.2785912901163101,-0.01987348194234073,0.01575194497127086,0.29643503517515224
144,9216000,484.5068960492008,18862,0.0,0.0,0.0,0.0,8.127598777413368,1.7643407620893763,0.6543488502502441,8.968291282653809,0.0,0.0,0.0,0.0,2000.0,0.0,2000.0,2000.0,0.5585530549287796,0.31504514440894127,0.029631029348820448,0.019991554552689195,0.25012280035792706
145,9280000,485.4190130308893,18993,0.0,0.0,0.0,0.0,8.700795888900757,0.21549182146294252,7.781327247619629,9.052865028381348,0.0,0.0,0.0,0.0,2000.0,0.0,2000.0,2000.0,0.5670939311385155,0.29160139709711075,-0.010487497900612652,0.004102285747649148,0.2209238497325155
146,9344000,473.21855319753746,19129,0.0,0.0,0.0,0.0,8.725276798009872,0.16647451640359176,8.080665588378906,8.909050941467285,0.0,0.0,0.0,0.0,2000.0,0.0,2000.0,2000.0,0.5731637328863144,0.2994997315108776,-0.006186330982018262,0.01823135232552886,0.4270056345342069
147,9408000,496.89848390196585,19257,0.0,0.0,0.0,0.0,7.872510273009539,2.3546294326784833,0.6073340177536011,8.926621437072754,0.0,0.0,0.0,0.0,2000.0,0.0,2000.0,2000.0,0.5707294717431068,0.40815870463848114,0.15481779724359512,0.020572790410369635,0.5993352187476658
148,9472000,524.5240409407285,19380,0.0,0.0,0.0,0.0,8.267256949096918,1.5496823805089777,0.6262956857681274,9.086517333984375,0.0,0.0,0.0,0.0,2000.0,0.0,2000.0,2000.0,0.5741585269570351,0.3208381161093712,0.06037320150062442,0.0341130462475121,0.35067596766190196
149,9536000,527.6080385027992,19501,0.0,0.0,0.0,0.0,7.569529220461845,2.45197146993393,0.5222052335739136,9.047171592712402,0.0,0.0,0.0,0.0,2000.0,0.0,2000.0,2000.0,0.5702293589711189,0.30382849648594856,0.03895910969004035,0.023246420547366142,0.24764960654441412
150,9600000,484.31045448450465,19633,0.0,0.0,0.0,0.0,8.503350719809532,0.5125612573378826,7.121284484863281,9.003121376037598,0.0,0.0,0.0,0.0,2000.0,0.0,2000.0,2000.0,0.5758125111460686,0.30670877173542976,0.020803725346922874,0.023710510227829218,0.4519198197737682
151,9664000,480.06837588482875,19766,0.0,0.0,0.0,0.0,7.9627192579209805,2.216170617896892,0.5914244651794434,9.079632759094238,0.0,0.0,0.0,0.0,2000.0,0.0,2000.0,2000.0,0.568993330001831,0.35000404343008995,0.06575571652501822,0.04474714491516352,0.4656642593983845
152,9728000,482.8127939419271,19899,0.0,0.0,0.0,0.0,8.350833229720592,1.467201596819283,0.6876986026763916,8.97577953338623,0.0,0.0,0.0,0.0,2000.0,0.0,2000.0,2000.0,0.570445604622364,0.2841217517852783,-0.013474733801558614,0.037969049997627735,0.282702357827434
153,9792000,481.99425868038026,20032,0.0,0.0,0.0,0.0,8.12334430590272,2.008800920333013,0.5675700902938843,9.024226188659668,0.0,0.0,0.0,0.0,2000.0,0.0,2000.0,2000.0,0.5702900812029839,0.2932129129767418,-0.0006892303672429989,0.028667815029621124,0.21474571400322304
154,9856000,529.1920120397913,20153,0.0,0.0,0.0,0.0,8.665054753422737,0.9326269017269538,3.5131144523620605,9.016221046447754,0.0,0.0,0.0,0.0,2000.0,0.0,2000.0,2000.0,0.5817355066537857,0.2912970781326294,-0.009968304890207946,0.015934280236251652,0.1708389369883343
155,9920000,509.24737577268246,20278,0.0,0.0,0.0,0.0,8.833863943815231,0.10630104849949862,8.544676780700684,9.135419845581055,0.0,0.0,0.0,0.0,2000.0,0.0,2000.0,2000.0,0.5767714604735374,0.3022514581680298,0.007318228541407734,0.017386936815455556,0.25151328443865206
156,9984000,550.5975997767724,20395,0.0,0.0,0.0,0.0,8.394039150327444,1.65789531781766,0.6778987646102905,9.01661205291748,0.0,0.0,0.0,0.0,2000.0,0.0,2000.0,2000.0,0.5851017832756042,0.30043453350663185,0.004175856171059422,0.022523605031892657,0.22862922772802602
157,10048000,473.0265297888733,20530,0.3125,1.7399263633843818,0.0,10.0,8.797665983438492,0.1229252617310904,8.3416109085083,8.954011917114258,0.0,0.0,0.0,0.0,2000.0,0.0,2000.0,2000.0,0.5800841227173805,0.3004654832184315,0.004556456580758095,0.011457067332230508,0.13066984066994214
158,10112000,487.71563704284114,20661,0.3125,1.7399263633843818,0.0,10.0,8.57742926478386,0.7056865089466106,4.77207088470459,9.001062393188477,0.0,0.0,0.0,0.0,2000.0,0.0,2000.0,2000.0,0.5800407230854034,0.2818307466804981,0.004100352234672755,0.009937870781868696,0.1174366074293175
159,10176000,502.5709116550642,20788,0.625,2.4206145913796355,0.0,10.0,8.295742329210043,1.6122040377655185,0.6511696577072144,8.946359634399414,0.0,0.0,0.0,0.0,2000.0,0.0,2000.0,2000.0,0.5818376615643501,0.28848083317279816,0.0024915424728533253,0.009188242722302675,0.1734447414796273
160,10240000,524.6472214438355,20910,0.3125,1.7399263633843818,0.0,10.0,8.732010304927826,0.19915365875819271,7.944435119628906,8.925994873046875,0.0,0.0,0.0,0.0,2000.0,0.0,2000.0,2000.0,0.5772625952959061,0.27723248675465584,-0.015542723005637527,0.005062211363110691,0.20309967202122473
161,10304000,488.23880576730886,21042,0.625,2.4206145913796355,0.0,10.0,8.605219602584839,0.5814992765127698,5.6180830001831055,9.070160865783691,0.0,0.0,0.0,0.0,2000.0,0.0,2000.0,2000.0,0.5803379714488983,0.2953197918832302,0.010392198571935296,0.010562985902652144,0.18037611097764084
162,10368000,473.49386181740255,21177,0.0,0.0,0.0,0.0,8.337692260742188,1.0388754606291748,4.032959938049316,9.03835678100586,0.0,0.0,0.0,0.0,2000.0,0.0,2000.0,2000.0,0.5698384419083595,0.27763741463422775,0.002952009985165205,0.015676523675210774,0.12130620207376924
163,10432000,519.7118508727774,21300,0.625,2.4206145913796355,0.0,10.0,8.435571230947971,1.4409850960422104,0.5958855152130127,9.087596893310547,0.0,0.0,0.0,0.0,2000.0,0.0,2000.0,2000.0,0.5684343054890633,0.29907964169979095,0.0211131211835891,0.020640210947021842,0.20548616415711526
164,10496000,563.2396498419732,21413,0.3125,1.7399263633843818,0.0,10.0,8.454161018133163,1.0834700573447325,3.5305871963500977,9.06036376953125,0.0,0.0,0.0,0.0,2000.0,0.0,2000.0,2000.0,0.572251208126545,0.2868970036506653,0.011627901520114392,0.034467001212760806,0.30068317995546
165,10560000,466.18109828891676,21551,0.625,2.4206145913796355,0.0,10.0,8.742889761924744,0.17553765430646334,8.270563125610352,9.01960277557373,0.0,0.0,0.0,0.0,2000.0,0.0,2000.0,2000.0,0.5771271139383316,0.2947906255722046,0.0015621482743881643,0.0075351783307269216,0.2169374413273462
166,10624000,464.6095936966192,21689,0.3125,1.7399263633843818,0.0,10.0,8.70780473947525,0.33203862317584065,7.574772834777832,9.073904037475586,0.0,0.0,0.0,0.0,2000.0,0.0,2000.0,2000.0,0.5763645172119141,0.28644340112805367,-0.0017044932465068996,0.006267319491598755,0.11938207551984228
167,10688000,480.05145872499946,21822,0.625,2.4206145913796355,0.0,10.0,8.548572681844234,1.4433356618069357,0.5530307292938232,9.045300483703613,0.0,0.0,0.0,0.0,2000.0,0.0,2000.0,2000.0,0.578233003616333,0.28705890104174614,0.0039220932085299864,0.008336158003658056,0.1307742328297233
168,10752000,497.6402260727126,21950,0.0,0.0,0.0,0.0,8.449163123965263,1.0080765168259052,3.8230700492858887,9.021665573120117,0.0,0.0,0.0,0.0,2000.0,0.0,2000.0,2000.0,0.5762217119336128,0.28595590963959694,0.011927265441045165,0.007900878437794745,0.13915985262182817
169,10816000,477.0560026701371,22085,0.625,2.4206145913796355,0.0,10.0,8.8156059384346,0.16440850606340587,8.434674263000488,9.131690979003906,0.0,0.0,0.0,0.0,2000.0,0.0,2000.0,2000.0,0.5783537700772285,0.3095019720494747,0.019576565828174353,0.013306455104611814,0.1943920071527404
170,10880000,468.00152186405825,22221,0.625,2.4206145913796355,0.0,10.0,8.59878197312355,1.0406266417471766,2.877314567565918,9.020796775817871,0.0,0.0,0.0,0.0,2000.0,0.0,2000.0,2000.0,0.5572148635983467,0.34952423349022865,0.06683952268213034,0.02037880220450461,0.2307710155290688
171,10944000,461.9759256146554,22360,2.8125,4.4960920531056745,0.0,10.0,8.331695325672626,1.7451596006571033,1.1991982460021973,9.082305908203125,0.0,0.0,0.0,0.0,2000.0,0.0,2000.0,2000.0,0.5652028918266296,0.391652699559927,0.12736449483782053,0.046215695794671774,0.48934654661435484
172,11008000,466.062684182973,22497,1.2121212121212122,3.263736246748184,0.0,10.0,7.055810173352559,3.176837615603124,0.5272947549819946,9.443181991577148,0.30303030303030304,1.7141982574219332,0.0,10.0,1962.030303030303,214.78904165496826,747.0,2000.0,0.5384092032909393,0.4069681651890278,0.17964899353682995,0.06188432266935706,0.7223706752634393
173,11072000,542.033221221988,22615,1.5625,3.6309218870694533,0.0,10.0,7.556301621720195,2.6211827612597247,0.3117426633834839,9.12485408782959,0.0,0.0,0.0,0.0,2000.0,0.0,2000.0,2000.0,0.5738075971603394,0.3025883473455906,0.02337931259535253,0.027511052321642637,0.24286544489247933
174,11136000,485.7639852563756,22747,4.411764705882353,4.965277357686509,0.0,10.0,7.909083972958958,2.344691338756315,0.5164579153060913,9.443181991577148,0.5882352941176471,2.3529411764705883,0.0,10.0,1898.8235294117646,404.90997333381443,227.0,2000.0,0.5635250732302666,0.31736571341753006,0.03185671474784613,0.04099995782598853,0.23410486696978233
175,11200000,460.283643605752,22886,5.0,5.0,0.0,10.0,8.371874325415668,1.702958020131297,1.171104907989502,9.443181037902832,0.8823529411764706,2.836367870880281,0.0,10.0,1865.0588235294117,438.5465258821711,233.0,2000.0,0.5739085525274277,0.3039645180106163,0.006846251868410036,0.03596106497570872,0.26232331184957924
176,11264000,488.6687817016359,23017,5.675675675675675,4.954135886438746,0.0,10.0,8.002597051697808,2.4153788630183834,0.484125018119812,9.443181991577148,2.1621621621621623,4.116634111277788,0.0,10.0,1673.3243243243244,638.3263189061903,254.0,2000.0,0.5583083778619766,0.35736705362796783,0.010849551938008517,0.03307201876305044,0.2879452879812231
177,11328000,498.8337037505115,23145,7.435897435897436,4.366509324596513,0.0,10.0,8.710313711410913,0.9219267816272241,3.997772693634033,9.443181991577148,2.8205128205128207,4.499981737124165,0.0,10.0,1587.2820512820513,680.1813464340357,230.0,2000.0,0.5770732909440994,0.3743443936109543,0.015407889964990318,0.03585308836773038,0.27210354248087343
178,11392000,468.72456437780176,23282,8.870967741935484,3.164744656507836,0.0,10.0,8.972353004640148,1.20331290703094,1.7663016319274902,9.443181991577148,6.129032258064516,4.870860925981129,0.0,10.0,1068.1129032258063,769.2667456497381,198.0,2000.0,0.5499129965901375,0.6189672574400902,0.012372825294733047,0.04639080772176385,0.3145428734140858
179,11456000,496.2249487956192,23411,9.21875,2.6836818808308855,0.0,10.0,8.974012410268188,1.3974924424497221,0.5901178121566772,9.443181991577148,6.875,4.635124054434789,0.0,10.0,966.671875,780.0468546561702,196.0,2000.0,0.5356847047805786,0.6404716968536377,0.017443662392906845,0.0449476009234786,0.544114520538273
180,11520000,480.9789976832919,23544,9.73913043478261,1.5939393721585529,0.0,10.0,9.235266527922256,0.9622048273656137,0.5595316886901855,9.443181991577148,8.782608695652174,3.2698427264283767,0.0,10.0,599.4695652173913,615.7604040214671,187.0,2000.0,0.47999658435583115,1.1073086708784103,0.022590993903577328,0.08797840680927038,0.6388262293149468
181,11584000,497.50007816891946,23673,9.53020134228188,2.115957418850261,0.0,10.0,9.08654960409907,1.5778894394427807,0.41380345821380615,9.443181991577148,9.12751677852349,2.8219860458561934,0.0,10.0,449.06711409395973,510.6319109846471,180.0,2000.0,0.4288379102945328,1.5339431315660477,0.02410517306998372,0.12746796943247318,1.0749898462024015
182,11648000,463.39753414582003,23811,9.736842105263158,1.600726981657426,0.0,10.0,9.2825701260253,0.9744630355251507,0.5501459836959839,9.443181991577148,9.539473684210526,2.095991095009736,0.0,10.0,386.8421052631579,420.4665032228013,174.0,2000.0,0.4289359152317047,1.5401352494955063,0.04482674226164818,0.15904037840664387,0.7165289149368296
183,11712000,462.8066949897412,23949,9.558011049723756,2.0553674295843396,0.0,10.0,9.206800732164751,1.1573970401436455,0.46182775497436523,9.443181991577148,9.281767955801104,2.5819494907288227,0.0,10.0,397.08839779005524,480.2025043921624,170.0,2000.0,0.3905778005719185,1.7514283508062363,-0.03617934649810195,0.0645453236065805,0.5180323383545336
184,11776000,452.1125380782711,24091,9.698492462311558,1.7100200529822667,0.0,10.0,9.392451233600251,0.37021760655384245,5.073892593383789,9.443181991577148,9.748743718592964,1.5650664826530087,0.0,10.0,313.29145728643215,317.40042632381517,175.0,2000.0,0.37129998952150345,1.9942536652088165,-0.010023559269029647,0.05692353891208768,0.4709831004926139
185,11840000,474.26180930702753,24226,9.894736842105264,1.020564180508701,0.0,10.0,9.385567338843094,0.28096836659946905,7.693696022033691,9.443181991577148,9.578947368421053,2.0082930556146223,0.0,10.0,327.35263157894735,371.04836806061184,165.0,2000.0,0.3724353685975075,1.8609887659549713,-0.013014794792979956,0.05114856967702508,0.4592766020288126
186,11904000,447.23739778588947,24369,9.778761061946902,1.470864614034926,0.0,10.0,9.388250457502044,0.47328198211535366,2.7882349491119385,9.443181991577148,9.734513274336283,1.607601957927871,0.0,10.0,285.9026548672566,305.485569220219,157.0,2000.0,0.33381008356809616,2.1832591891288757,0.010407101304735988,0.066125662997365,0.46399170153366653
187,11968000,486.3754356693294,24500,9.964028776978417,0.5986804668019152,0.0,10.0,9.40755968128177,0.2694635212997879,6.2579827308654785,9.443181991577148,9.784172661870503,1.453166178181594,0.0,10.0,241.9568345323741,265.97610025437734,161.0,2000.0,0.2637725993990898,2.6683441400527954,-0.00943110923981294,0.08072646521031857,0.6900009909204305
188,12032000,455.3025326392938,24641,9.818181818181818,1.33608531424537,0.0,10.0,9.361827585046942,0.6716250292599466,2.811483383178711,9.443181991577148,9.818181818181818,1.33608531424537,0.0,10.0,231.6981818181818,249.84102544757175,155.0,2000.0,0.24334701150655746,2.657651662826538,0.018222799408249557,0.07549912668764591,0.5567929620156448
189,12096000,456.87124557052135,24781,9.903536977491962,0.9774073410656374,0.0,10.0,9.416415734306408,0.2852213637084398,5.592961311340332,9.443181991577148,9.903536977491962,0.9774073410656374,0.0,10.0,209.94855305466237,197.64292054438658,153.0,2000.0,0.20285579562187195,2.942219614982605,-0.02822232898324728,0.043485005386173725,0.5493685480912034
190,12160000,484.69358898277375,24913,9.848484848484848,1.221554204287659,0.0,10.0,9.406478329499562,0.5197816355859394,0.5365866422653198,9.443181991577148,9.93939393939394,0.7761362712039817,0.0,10.0,193.66060606060606,151.01175940442707,151.0,2000.0,0.1717434972524643,3.0795209407806396,-0.018857165705412626,0.05541934818029404,0.5561462550919669
191,12224000,468.4464314218607,25050,9.971751412429379,0.53074277480384,0.0,10.0,9.428022606898162,0.28480268603834147,4.077065944671631,9.443181991577148,9.971751412429379,0.53074277480384,0.0,10.0,181.4180790960452,103.32929813918823,152.0,2000.0,0.14230353385210037,3.2897473871707916,-0.0389902712777257,0.0265060740057379,0.4205817856304621
192,12288000,452.5465708253551,25191,9.850299401197605,1.2143293287828294,0.0,10.0,9.403836214970685,0.5151081712300373,0.5457879304885864,9.443181991577148,9.910179640718562,0.9434701351250738,0.0,10.0,191.48203592814372,179.1711906126529,150.0,2000.0,0.16008391976356506,3.1747907400131226,0.04991757124662399,0.05734059354290366,0.5835865680604488
193,12352000,446.9671247833668,25334,9.87987987987988,1.089390819652676,0.0,10.0,9.377082517197183,0.6639027403629255,0.5011817216873169,9.443181991577148,9.87987987987988,1.089390819652676,0.0,10.0,190.47747747747746,201.3360560125631,149.0,2000.0,0.14743229746818542,3.1007699370384216,0.024060166208073497,0.055792488157749176,0.4980960888490019
194,12416000,438.9133012702208,25480,9.855072463768115,1.195103079889177,0.0,10.0,9.39167725763459,0.6221616246279685,0.5497652292251587,9.443181991577148,9.91304347826087,0.9284415871331576,0.0,10.0,188.76521739130436,189.00649465575037,144.0,2000.0,0.13364233821630478,3.18580362200737,0.0036054702213732526,0.056936129461973906,0.6708977176963697
195,12480000,438.8043978419514,25626,9.91304347826087,0.9284415871331576,0.0,10.0,9.429913197393002,0.17800767534562986,6.646450996398926,9.443181991577148,9.942028985507246,0.7591768610845677,0.0,10.0,178.7594202898551,146.8167055207063,143.0,2000.0,0.14243975281715393,3.1929545402526855,0.001238955621374771,0.10583250503987074,1.91962865784964
196,12544000,442.9759666156149,25770,9.972972972972974,0.5191722354675281,0.0,10.0,9.43101866567457,0.1649814946809098,7.182382583618164,9.443181991577148,9.945945945945946,0.7332248630405697,0.0,10.0,172.64054054054054,138.7798878634202,142.0,2000.0,0.08760841935873032,3.409722775220871,-0.0253397892229259,0.04824397154152393,0.6394220544342244
197,12608000,465.1886995108133,25908,9.915730337078651,0.9141089941164596,0.0,10.0,9.39811488751615,0.5204937817774467,2.69156551361084,9.443181991577148,9.915730337078651,0.9141089941164596,0.0,10.0,179.0561797752809,180.4028799410471,140.0,2000.0,0.11151300370693207,3.2557855546474457,0.025989150628447533,0.07273153029382229,0.7504762835962817
198,12672000,478.07832370577995,26042,9.89100817438692,1.0382865876434686,0.0,10.0,9.405537567931235,0.4881739582957941,0.5523372888565063,9.443181991577148,9.89100817438692,1.0382865876434688,0.0,10.0,180.77384196185287,196.34126319200794,136.0,2000.0,0.10560320317745209,3.333901882171631,-0.00015549313684459776,0.052329749800264835,0.6543883350528992
199,12736000,466.8309394245978,26179,9.739413680781759,1.5930969720700303,0.0,10.0,9.277887692863079,1.1435964146898983,0.38173025846481323,9.443181991577148,9.77198697068404,1.492695666109394,0.0,10.0,203.14332247557005,284.4052694814758,138.0,2000.0,0.16146395355463028,2.8706490099430084,0.18235628865659237,0.08221825398504734,0.9537633112012596
200,12800000,460.73906601766765,26318,9.752650176678445,1.553163319847061,0.0,10.0,9.275612965910678,1.1278200078189082,0.3952062129974365,9.443181991577148,9.752650176678445,1.553163319847061,0.0,10.0,222.12720848056537,303.33025198376197,141.0,2000.0,0.20820045471191406,2.6321621537208557,0.09470217674970627,0.14664032869040966,0.9745588811012674
201,12864000,450.2712380786789,26460,9.853372434017595,1.2019883596433547,0.0,10.0,9.32787846050654,0.9455124823622134,0.43449831008911133,9.443181991577148,9.824046920821115,1.314751423546035,0.0,10.0,196.5483870967742,262.52135481696575,138.0,2000.0,0.13502880185842514,3.1336754858493805,0.022144436137750745,0.07126115169376135,0.5616775135852585
202,12928000,457.99491584279446,26600,9.917808219178083,0.9028634001799499,0.0,10.0,9.4120110188445,0.4805126235555815,0.5993872880935669,9.443181991577148,9.945205479452055,0.7382023882360261,0.0,10.0,167.03013698630136,139.10389010537048,138.0,2000.0,0.10540492832660675,3.2723453640937805,-0.004667346394853666,0.08827987499535084,0.5594245631689385
203,12992000,440.61865363759784,26745,9.869791666666666,1.1336353572749434,0.0,10.0,9.374691247008741,0.7722948792186186,0.4479646682739258,9.443181991577148,9.921875,0.8804240366863004,0.0,10.0,170.13802083333334,167.28105781712478,136.0,2000.0,0.09007422626018524,3.502249389886856,-0.007768638286506757,0.04684665193781257,0.31346393067152206
204,13056000,434.66592984006536,26892,9.950372208436725,0.7027197150623472,0.0,10.0,9.438907426876701,0.08568782262719898,7.720871925354004,9.443181991577148,9.975186104218363,0.49751706341844704,0.0,10.0,163.7940446650124,122.44289605084529,136.0,2000.0,0.0625319629907608,3.628553956747055,-0.009542957530356944,0.04530554311349988,0.7631723158853236
205,13120000,441.2955796108351,27037,9.857549857549857,1.1849934098624173,0.0,10.0,9.401281075939494,0.522393033336321,0.5497595071792603,9.443181991577148,9.914529914529915,0.9205409926725646,0.0,10.0,173.13675213675214,174.54142959074912,136.0,2000.0,0.11289118975400925,3.232427030801773,0.08252378646284342,0.08269140496850014,0.7255155197370081
206,13184000,443.3973295261612,27182,9.901960784313726,0.985281923639303,0.0,10.0,9.410142579499412,0.4711754722220483,2.40980863571167,9.443181991577148,9.950980392156863,0.6984219043517159,0.0,10.0,162.25,131.22817745752445,137.0,2000.0,0.05555875599384308,3.65618097782135,-0.023809822276234627,0.05004418920725584,0.5740984721710438
207,13248000,458.01865488120336,27321,9.863013698630137,1.1623673115395303,0.0,10.0,9.388332232710434,0.6487919250701639,0.6056609153747559,9.443181991577148,9.917808219178083,0.9028634001799499,0.0,10.0,167.16986301369863,167.72294072423938,136.0,2000.0,0.10822625458240509,3.314610183238983,0.023853956256061792,0.05716281849890947,0.5443285253664074
208,13312000,497.8597556702061,27450,9.861878453038674,1.1671066394628513,0.0,10.0,9.382581907411966,0.6696206162540858,0.5583326816558838,9.443181991577148,9.861878453038674,1.1671066394628513,0.0,10.0,185.19060773480663,225.39650666248747,137.0,2000.0,0.12057440727949142,3.27421897649765,0.009658865979872644,0.05674668913707137,0.639750594964017
209,13376000,469.93304970527527,27586,9.91825613079019,0.9004202529623057,0.0,10.0,9.424980989918721,0.20416726277897976,6.679216384887695,9.443181991577148,9.91825613079019,0.9004202529623057,0.0,10.0,166.866485013624,167.7578576252148,137.0,2000.0,0.10734930634498596,3.3092738687992096,0.00909028529713396,0.07733394019305706,0.8388867363200648
210,13440000,457.7621554996685,27726,9.768115942028986,1.5050150708112662,0.0,10.0,9.351844408892203,0.6867704694469579,0.552253246307373,9.443181991577148,9.768115942028986,1.5050150708112662,0.0,10.0,192.46666666666667,281.1404923256712,135.0,2000.0,0.10727452486753464,3.0810821652412415,-0.00022883077326696366,0.045105041936039925,0.6163889768494859
211,13504000,452.1027907013985,27868,9.950980392156863,0.6984219043517159,0.0,10.0,9.42583037591448,0.20668830095233698,6.367556571960449,9.443181991577148,9.926470588235293,0.854334561663401,0.0,10.0,159.63970588235293,159.34775170193808,133.0,2000.0,0.05724024027585983,3.5996953547000885,-0.006351588846882805,0.03146375413052738,0.6788605046619333
212,13568000,439.27979784238454,28013,9.952267303102625,0.6892376648302458,0.0,10.0,9.41489178980734,0.45818185020556823,0.512676477432251,9.443181991577148,9.952267303102625,0.6892376648302458,0.0,10.0,152.15035799522673,128.41625269302594,129.0,2000.0,0.030078820884227753,3.6821326315402985,-0.018091868958435953,0.038384350249543786,0.5905823848163403
213,13632000,453.62013363134514,28154,9.837837837837839,1.2630617778970727,0.0,10.0,9.34617102065602,0.8317940325580198,0.061821043491363525,9.443181991577148,9.837837837837839,1.2630617778970725,0.0,10.0,174.84594594594594,236.63171418734288,132.0,2000.0,0.0879470631480217,3.232402950525284,-0.001141430194138593,0.043205912224948406,0.6618792294732724
214,13696000,491.4808894123043,28285,9.926108374384237,0.8564206231878674,0.0,10.0,9.412722112216386,0.45633590800276674,0.5791627168655396,9.443181991577148,9.926108374384237,0.8564206231878674,0.0,10.0,156.8177339901478,160.30368741180243,128.0,2000.0,0.05298279970884323,3.548473596572876,-0.02666591526940465,0.05216384120285511,0.708906340803815
215,13760000,470.0209335326008,28421,9.886363636363637,1.0599294378510018,0.0,10.0,9.335267644544894,0.9563403011974684,0.4013212323188782,9.443181991577148,9.857954545454545,1.183333272707871,0.0,10.0,172.47727272727272,220.67043903814857,131.0,2000.0,0.12053067237138748,3.0546260476112366,0.019554680678993464,0.13885783962905407,1.6374079161547686
216,13824000,465.951603653121,28558,9.714285714285714,1.6659862556700857,0.0,10.0,9.264547340869903,1.2507036072666733,0.09982895851135254,9.443181991577148,9.8,1.4000000000000004,0.0,10.0,191.99714285714285,266.8250095214511,133.0,2000.0,0.13221827149391174,3.1485040187835693,0.0818667383864522,0.18517949245870113,2.3334944997700395
217,13888000,465.42270604563345,28696,9.643916913946587,1.8531151330559041,0.0,10.0,9.340802233721453,0.93686626287826,0.335809588432312,9.443181991577148,9.881305637982196,1.082984426759327,0.0,10.0,177.11572700296736,208.54708984882075,130.0,2000.0,0.1256914660334587,3.1465734243392944,0.18592879362404346,0.22018246538937092,2.4201065882446775
211,13504000,432.17969701011367,148,10.0,0.0,10.0,10.0,9.443181159801053,3.184211460081189e-07,9.443181037902832,9.443181991577148,10.0,0.0,10.0,10.0,149.73182957393485,65.21244068781802,130.0,1383.0,0.04160875082015991,3.644138902425766,-0.0016714429802959785,0.05164825031533837,0.49469071715704593
212,13568000,432.9796867844767,295,9.893333333333333,1.0272725484937717,0.0,10.0,9.406246901194255,0.37570986616928315,4.735328674316406,9.443181991577148,9.893333333333333,1.027272548493772,0.0,10.0,165.09066666666666,191.94167806798905,132.0,2000.0,0.08694177120923996,3.2992160618305206,0.013026697095483541,0.05896499240770936,0.8335314498203736
213,13632000,432.16273807387586,444,9.878934624697337,1.0936164446136771,0.0,10.0,9.373694695514281,0.7082206172194961,0.5377346277236938,9.443181991577148,9.878934624697337,1.0936164446136771,0.0,10.0,167.94430992736076,204.9895510189363,132.0,2000.0,0.05877685546875,3.617371827363968,0.005577154573984444,0.02993229520507157,0.4782392865372863
214,13696000,458.3777723739756,583,9.922077922077921,0.8792888768732862,0.0,10.0,9.375794200154093,0.6972199506154568,0.5574243068695068,9.443181991577148,9.896103896103897,1.0139855218671758,0.0,10.0,164.6961038961039,189.62246458615988,129.0,2000.0,0.08505631238222122,3.4549391865730286,0.06644954439252615,0.07253877632319927,0.9204222725871687
215,13760000,430.5346694697123,732,9.833795013850416,1.2784466215195929,0.0,10.0,9.39552588872302,0.5294351388407625,0.6314897537231445,9.443181991577148,9.889196675900276,1.046783580481506,0.0,10.0,167.601108033241,198.03746644288233,128.0,2000.0,0.12773671001195908,3.1905699968338013,0.01532321993727237,0.058278114069253206,0.7818091118830297
216,13824000,432.9030378896299,880,9.926108374384237,0.8564206231878674,0.0,10.0,9.382172730168685,0.661791984604196,0.3003896474838257,9.443181991577148,9.876847290640393,1.1028873486324193,0.0,10.0,167.27339901477833,205.73566576856547,130.0,2000.0,0.061552636325359344,3.51824226975441,-0.023918731836602092,0.031731365947052836,0.4062227877990261
217,13888000,443.8288303046667,1024,9.928909952606634,0.8401468199637836,0.0,10.0,9.422032373493881,0.4339368701029209,0.5183922052383423,9.443181991577148,9.976303317535544,0.48621527319154473,0.0,10.0,150.01895734597156,97.00053559657222,130.0,2000.0,0.03740826994180679,3.6748774349689484,-0.03021486452780664,0.054496882017701864,0.5868508991750441
218,13952000,430.33952097728985,1173,9.904761904761905,0.9712418121129114,0.0,10.0,9.39684361900602,0.617681095925827,0.5100903511047363,9.443181991577148,9.928571428571429,0.842130437325114,0.0,10.0,154.26190476190476,157.2652838395486,128.0,2000.0,0.025629602372646332,3.641764521598816,-0.009774315461982042,0.040081648621708155,0.508674309476475
219,14016000,422.87875889265763,1324,9.976359338061465,0.48564157409395114,0.0,10.0,9.425080999414972,0.37182473095043045,1.7868199348449707,9.443181991577148,9.976359338061465,0.48564157409395114,0.0,10.0,146.70921985815602,93.01517751597075,128.0,2000.0,0.011472851037979126,3.7581235468387604,0.03763003507629037,0.08764970023185015,0.9027769439759001
220,14080000,422.7454875458566,1475,9.956236323851204,0.6600920406563832,0.0,10.0,9.443181140156753,2.950611346911948e-07,9.443181037902832,9.443181991577148,10.0,0.0,10.0,10.0,143.6980306345733,65.78674399451228,127.0,1361.0,-0.018400244414806366,3.995121657848358,0.0008081975938694086,0.04785900888964534,0.7663367470405402
221,14144000,420.5252941113052,1628,9.850374064837906,1.2140310667968166,0.0,10.0,9.416651371708534,0.4492446443596612,0.6151047945022583,9.443181991577148,9.950124688279303,0.7044611916122462,0.0,10.0,155.64089775561098,137.53663116026485,128.0,2000.0,0.060721784830093384,3.553738057613373,0.026031976100057364,0.06574740819633007,0.7843081153004574
222,14208000,419.54609114571497,1780,9.907407407407407,0.9577852252582038,0.0,10.0,9.437999606132507,0.10757134011597319,7.204760551452637,9.443181991577148,9.976851851851851,0.48056804379691437,0.0,10.0,149.03240740740742,103.08161035899852,128.0,2000.0,0.019987881183624268,3.7834172546863556,-0.01579629455227405,0.0546491676941514,0.8107022579882801
223,14272000,427.96786268533157,1930,9.927884615384615,0.8461401878268289,0.0,10.0,9.422746919668638,0.22214968785616823,6.076224327087402,9.443181991577148,9.903846153846153,0.9758549581819441,0.0,10.0,157.1971153846154,183.19513186171963,125.0,2000.0,0.0443253368139267,3.617326021194458,0.021017479710280895,0.04299132851883769,0.6027251526499439
224,14336000,448.2934396966212,2072,9.976190476190476,0.4873687973918743,0.0,10.0,9.422174654120491,0.42999279405769736,0.6204416751861572,9.443181991577148,9.976190476190476,0.4873687973918743,0.0,10.0,147.22142857142856,105.24237792944864,126.0,2000.0,0.03582886606454849,3.6951041519641876,0.07054528035223484,0.10193059407174587,1.0550668855655143
225,14400000,436.27225338811957,2219,9.90566037735849,0.9666934684867545,0.0,10.0,9.3870384111157,0.6714935398482512,0.47008538246154785,9.443181991577148,9.929245283018869,0.8381771530149463,0.0,10.0,155.6933962264151,163.54817348637616,125.0,2000.0,0.026234202086925507,3.769322693347931,0.053942488972097635,0.08628863468766212,1.50521785323232
226,14464000,450.2751859668501,2361,9.909706546275395,0.9459289769641969,0.0,10.0,9.43845218460393,0.09942085143543118,7.348248481750488,9.443181991577148,9.977426636568849,0.47457778875008205,0.0,10.0,144.41534988713317,94.80415330812916,127.0,2000.0,0.0006353259086608887,3.8567826747894287,-0.04909683298319578,0.07288255076855421,0.6196339268533888
227,14528000,483.6601488544619,2494,9.977973568281937,0.46880609369587606,0.0,10.0,9.429044512925168,0.30088093935474075,3.025155782699585,9.443181991577148,9.977973568281937,0.46880609369587606,0.0,10.0,141.25330396475772,90.1648743112771,124.0,2000.0,-0.026192516088485718,3.9484536051750183,-0.028751858277246356,0.028030414832755923,0.56435367172775
228,14592000,430.14079834355493,2642,9.978021978021978,0.4682917747837916,0.0,10.0,9.423501226142212,0.41932545860993997,0.48881804943084717,9.443181991577148,9.978021978021978,0.4682917747837916,0.0,10.0,141.02637362637364,89.80946477834334,126.0,2000.0,-0.01928844302892685,3.92555370926857,0.0016779024081188254,0.04896166082471609,0.8884472384350257
229,14656000,444.2158325846166,2786,9.910313901345292,0.9427711229429883,0.0,10.0,9.438616787906184,0.09628603333634696,7.407460689544678,9.443181991577148,9.977578475336323,0.4729825809356273,0.0,10.0,143.61434977578475,98.56242095988749,124.0,2000.0,0.00788838416337967,3.921292245388031,0.07513211108744144,0.12469302117824554,1.0775019023088368
230,14720000,429.3047390256071,2936,9.897172236503856,1.0088132067017264,0.0,10.0,9.408740350550428,0.5081569779325098,0.38179463148117065,9.443181991577148,9.948586118251928,0.7151890870562239,0.0,10.0,153.83290488431876,171.2491843285885,123.0,2000.0,0.050865538418293,3.4440092742443085,0.11099577136337757,0.09687988460063934,0.7368759120836817
231,14784000,465.3974308212214,3073,9.719101123595506,1.6522967606576118,0.0,10.0,9.380824879983837,0.5585101908732506,0.6533396244049072,9.443181991577148,9.803370786516854,1.3883908265457745,0.0,10.0,183.48595505617976,271.9466494366463,123.0,2000.0,0.11138360947370529,3.1561629474163055,0.09887370839715004,0.09392559342086315,0.782751906704281
232,14848000,476.6682632825938,3207,9.795918367346939,1.4139190265868384,0.0,10.0,9.393624867407643,0.5549079673932006,1.0851105451583862,9.443181991577148,9.89795918367347,1.0049854899791943,0.0,10.0,161.9362244897959,189.92723771634718,124.0,2000.0,0.04182814806699753,3.3882454931735992,0.03699375060386956,0.08414158876985312,0.7797625950657938
233,14912000,452.3501130373719,3349,9.926470588235293,0.8543345616634008,0.0,10.0,9.397072171463686,0.5923053979369226,0.6231088638305664,9.443181991577148,9.926470588235293,0.854334561663401,0.0,10.0,150.71323529411765,161.73081491012667,122.0,2000.0,0.026746906340122223,3.544622987508774,0.054313108790665865,0.07860628049820662,0.9636647701737439
234,14976000,479.12932895116654,3482,9.723756906077348,1.638938892175837,0.0,10.0,9.318426731870979,0.9317920600280928,0.5504404306411743,9.443181991577148,9.751381215469614,1.5570409581261824,0.0,10.0,183.61878453038673,291.00474352167146,124.0,2000.0,0.09986217319965363,3.116462677717209,0.04404108365997672,0.08517220709472895,0.7512634910348415
235,15040000,456.7687440142951,3623,9.78494623655914,1.4506169422830153,0.0,10.0,9.370455204799612,0.6457938632200831,0.5305001735687256,9.443181991577148,9.838709677419354,1.2597176896623639,0.0,10.0,173.69354838709677,240.3986667821491,123.0,2000.0,0.07150296121835709,3.2553135454654694,0.032807761104777455,0.11690749786794186,0.807547110852645
